[ 
  {
    "label": "Global colors",
    "name": "global_colors",
    "type": "group",
    "children": [
      {
        "label": "Text color",
        "name": "text_color",
        "type": "color",
        "visibility": {
          "hidden_subfields": {
            "opacity": false
          }
        },
        "default": {
          "color": "#2F363D"
        }
      },
      {
        "label": "Accent color",
        "name": "accent_color",
        "type": "color",
        "visibility": {
          "hidden_subfields": {
            "opacity": false
          }
        },
        "default": {
          "color": "#CB74C8"
        }
      },
      {
        "label": "Background color",
        "name": "background_color",
        "type": "color",
        "visibility": {
          "hidden_subfields": {
            "opacity": false
          }
        },
        "default": {
          "color": "#F0F0F0"
        }
      },
      {
        "label": "Header & Footer color",
        "name": "header_footer_color",
        "type": "color",
        "visibility": {
          "hidden_subfields": {
            "opacity": false
          }
        },
        "default": {
          "color": "#2F363D"
        }
      },
      {
        "label": "Header & Footer background color",
        "name": "header_footer_bg_color",
        "type": "color",
        "visibility": {
          "hidden_subfields": {
            "opacity": false
          }
        },
        "default": {
          "color": "#F0F0F0"
        }
      }
    ]
  },
  {
    "label": "Global fonts",
    "name": "global_fonts",
    "type": "group",
    "children": [
      {
        "label": "Heading font",
        "name": "heading_font",
        "type": "font",
        "visibility": {
          "hidden_subfields": {
            "size": true,
            "styles": false
          }
        },
        "load_external_fonts": true,
        "inherited_value": {
          "property_value_paths": {
            "color": "theme.global_colors.text_color.color"
          }
        },
        "default": {
          "fallback": "sans-serif",
          "font": "Oxygen",
          "font_set": "GOOGLE"
        }
      },
      {
        "label": "Body font",
        "name": "body_font",
        "type": "font",
        "visibility": {
          "hidden_subfields": {
            "size": true,
            "styles": false
          }
        },
        "load_external_fonts": true,
        "inherited_value": {
          "property_value_paths": {
            "color": "theme.global_colors.text_color.color"
          }
        },
        "default": {
          "fallback": "serif",
          "font": "Noto",
          "size" : 17,
          "size_unit" : "px",
          "font_set": "GOOGLE"
        }
      }
    ]
  },
  {
    "label": "Global Layout",
    "name": "global_layout",
    "type": "group",
    "children": [
      {
        "label": "Max Width",
        "name": "max_width",
        "required" : false,
        "locked" : false,
        "display" : "slider",
        "min" : 240,
        "max" : 1440,
        "step" : 8,
        "type" : "number",
        "prefix": "",
        "suffix" : "",
        "default" : 1280
      }
    ]
  }
]